{
  "avg_with_emotions": 13.622476998072697,
  "avg_zeroed_emotions": 15.769062839078323,
  "avg_delta": 2.146585841005626
}