phase,avg_reward,std_reward
children_with_adult_guidance,-31.39279023868968,32.6538900701182
children_without_guidance,2.4923225223394936,8.161040253338541
