{
  "avg_with_emotions": 22.0468667178486,
  "avg_zeroed_emotions": 18.44060906213842,
  "avg_delta": -3.6062576557101824
}